{
	"crypto": {
		"checksum": {
			"function": "sha256",
			"message": "c70ab794b8f6ce672d75b4995e4e639a9e74bc58ac3c536033b04c6ff59c58f5",
			"params": {}
		},
		"cipher": {
			"function": "aes-128-ctr",
			"message": "2653f1a8b4ec77cc121dddaa859ff2a9a448a12824a6632cef76273c98e0877b",
			"params": {
				"iv": "6efca5ad5dfacc7b1bcacdcd942b36c3"
			}
		},
		"kdf": {
			"function": "pbkdf2",
			"message": "",
			"params": {
				"c": 262144,
				"dklen": 32,
				"prf": "hmac-sha256",
				"salt": "3c224f93882212d1688e76c20655dd21a5aeca82e307bfdad4b727c9d2af869a"
			}
		}
	},
	"uuid": "ae5e9e8d-e49e-4f19-b5b3-ad1202a210e3",
	"pubkey": "97489a50002b94262b6512ae877cd1520082b3dd211dc1b04b631834af6d1594751ba597989db104308c147ed42a2d74",
	"version": 4,
	"name": "keystore",
	"path": ""
}