{
	"crypto": {
		"checksum": {
			"function": "sha256",
			"message": "ad07e026b26364116c3772ef9fa72f29024a5d5a2e7f9bad4d9d00aa98b798d8",
			"params": {}
		},
		"cipher": {
			"function": "aes-128-ctr",
			"message": "f0fb6f25ac8e9ea49b2802162f8325c7c9c98eb68bcc46f323bbab7e57e6aa36",
			"params": {
				"iv": "0a9edd65f7271d849adfbd6a7018db44"
			}
		},
		"kdf": {
			"function": "pbkdf2",
			"message": "",
			"params": {
				"c": 262144,
				"dklen": 32,
				"prf": "hmac-sha256",
				"salt": "d3ab8863fae57588b6aa2ca511949624083c1b625597a7096abb9791dcf945bc"
			}
		}
	},
	"uuid": "c0c74e7f-ad02-4350-8a7e-614653dfc78e",
	"pubkey": "82166ad49155367b10a2845292b38ede96af06df1fbf429ecde4083e7399e37708426906b0367a00880f6cc454747878",
	"version": 4,
	"name": "keystore",
	"path": ""
}