{
	"crypto": {
		"checksum": {
			"function": "sha256",
			"message": "4ad003c2e4a3d593099aff78327db5232cbe58f3737e54aead05c2cde968d8b4",
			"params": {}
		},
		"cipher": {
			"function": "aes-128-ctr",
			"message": "07fa4de14b407826bd0f4816c4956534cff529669a7dd88dca5b8f3055d359bf",
			"params": {
				"iv": "07615d2b0a0f937aa2274c202a3363a0"
			}
		},
		"kdf": {
			"function": "pbkdf2",
			"message": "",
			"params": {
				"c": 262144,
				"dklen": 32,
				"prf": "hmac-sha256",
				"salt": "0b149dac1eec2c152450e1605bba398c275ce00fd218c06b571fad52e73fd93e"
			}
		}
	},
	"uuid": "d652638a-bbf9-4f3a-8c27-cc329e061940",
	"pubkey": "a5dab88f00c32121076d4c0e4c60a2d12be88efac506e09e0030f082d4d3448c0f4e2f7bb0297d4f69f263ec1fcdb11f",
	"version": 4,
	"name": "keystore",
	"path": ""
}