{
	"crypto": {
		"checksum": {
			"function": "sha256",
			"message": "7d46f72b30c6458f4474b27120e09ac779c6b81d40a98b21dee668d53e6ad351",
			"params": {}
		},
		"cipher": {
			"function": "aes-128-ctr",
			"message": "fc35d0f77fb40837425fc9c726e865d65b702644e1501f31e4a9e9290691342e",
			"params": {
				"iv": "99fcc6514a07547ed8258f12eb6ae5cf"
			}
		},
		"kdf": {
			"function": "pbkdf2",
			"message": "",
			"params": {
				"c": 262144,
				"dklen": 32,
				"prf": "hmac-sha256",
				"salt": "1928d731be77c3c978983cd7b57d4c486f496f123ebbd5aeadc9306e5c6a295e"
			}
		}
	},
	"uuid": "0c77f297-9794-4a8c-8823-0e399ee0e39c",
	"pubkey": "8d2adff9441505fbeb049ba9602bcee94574acdb387bab000d23c0dbd72cb5a185aa1b7edd493a69a752a1bec3ec53f4",
	"version": 4,
	"name": "keystore",
	"path": ""
}