{
	"crypto": {
		"checksum": {
			"function": "sha256",
			"message": "0015ef1c81804a427b932d8f5d6a81a88abcd9e214a65ced9239533f3f5fa735",
			"params": {}
		},
		"cipher": {
			"function": "aes-128-ctr",
			"message": "e8c79ab5a279f41c4c956b1888958cd58eb17b2e31461a53463e164984eed171",
			"params": {
				"iv": "8027145a606caf18332d24bcabfb7a72"
			}
		},
		"kdf": {
			"function": "pbkdf2",
			"message": "",
			"params": {
				"c": 262144,
				"dklen": 32,
				"prf": "hmac-sha256",
				"salt": "8027eabc4396e44e052475f2c227a7a19efe30606d22060a5ae31991de7a41ff"
			}
		}
	},
	"uuid": "296087cd-b20c-4aef-8baa-ef5441b742ca",
	"pubkey": "a38171051ec54a3131a964d93c1abf5c0b4d58709ddba8deea1153f4a92043d10d15d53c3b22a148bcaadb8609cc2aac",
	"version": 4,
	"name": "keystore",
	"path": ""
}