{
	"crypto": {
		"checksum": {
			"function": "sha256",
			"message": "298358faad3dfb315d8afd239563d7eb9c5cde470e67ac6ba29bfb9c76bcab19",
			"params": {}
		},
		"cipher": {
			"function": "aes-128-ctr",
			"message": "746ca2bf0b6704b484e5d5b67fac50a32c77815fc00cbf39aec4bdbdb341c337",
			"params": {
				"iv": "e2107c62b8ecd1802ed1b0256ab8d645"
			}
		},
		"kdf": {
			"function": "pbkdf2",
			"message": "",
			"params": {
				"c": 262144,
				"dklen": 32,
				"prf": "hmac-sha256",
				"salt": "79394b0ecb581f54e77d29280a1e370b480f90c87a1038e1766b6c5c04c011da"
			}
		}
	},
	"uuid": "a635d5b2-a456-4ade-b687-43a1db6a4152",
	"pubkey": "9402957b36f18cb9cc45cd6bf39ae164104240b93f67350f69c06e5f2c989d47dea92c5e5cb34096c7b70cdd6fdbe984",
	"version": 4,
	"name": "keystore",
	"path": ""
}